<?xml version="1.0" encoding="UTF-8"?>
<configuration>
   <!-- <springProfile name="default">
        <include resource="org/springframework/boot/logging/logback/base.xml"/>
    </springProfile>-->

    <springProfile name="dev">
        <appender name="jsonConsoleAppender" class="ch.qos.logback.core.ConsoleAppender">
            <encoder class="net.logstash.logback.encoder.LogstashEncoder"/>
        </appender>
        <root level="INFO">
            <appender-ref ref="jsonConsoleAppender"/>
        </root>
    </springProfile>

    <springProfile name="qa">
        <appender name="jsonConsoleAppender" class="ch.qos.logback.core.ConsoleAppender">
            <encoder class="net.logstash.logback.encoder.LogstashEncoder"/>
        </appender>
        <root level="INFO">
            <appender-ref ref="jsonConsoleAppender"/>
        </root>
    </springProfile>

    <springProfile name="prod">
        <appender name="jsonConsoleAppender" class="ch.qos.logback.core.ConsoleAppender">
            <encoder class="net.logstash.logback.encoder.LogstashEncoder"/>
        </appender>
        <root level="INFO">
            <appender-ref ref="jsonConsoleAppender"/>
        </root>
    </springProfile>
</configuration>